week,board,rank,skill,owner_repo,installs,captured_at
2026-W27,all_time,1,find-skills,vercel-labs/skills,2300000,2026-07-05T09:14:36.826932+00:00
2026-W27,all_time,2,frontend-design,anthropics/skills,625500,2026-07-05T09:14:36.826932+00:00
2026-W27,all_time,3,vercel-react-best-practices,vercel-labs/agent-skills,525700,2026-07-05T09:14:36.826932+00:00
2026-W27,all_time,4,agent-browser,vercel-labs/agent-browser,511700,2026-07-05T09:14:36.826932+00:00
2026-W27,all_time,5,grill-me,mattpocock/skills,454700,2026-07-05T09:14:36.826932+00:00
2026-W27,all_time,6,web-design-guidelines,vercel-labs/agent-skills,438300,2026-07-05T09:14:36.826932+00:00
2026-W27,all_time,7,microsoft-foundry,microsoft/azure-skills,431600,2026-07-05T09:14:36.826932+00:00
2026-W27,all_time,23,remotion-best-practices,remotion-dev/skills,408500,2026-07-05T09:14:36.826932+00:00
2026-W27,all_time,24,azure-hosted-copilot-sdk,microsoft/azure-skills,400100,2026-07-05T09:14:36.826932+00:00
2026-W27,all_time,25,grill-with-docs,mattpocock/skills,375900,2026-07-05T09:14:36.826932+00:00
2026-W27,all_time,26,improve-codebase-architecture,mattpocock/skills,373300,2026-07-05T09:14:36.826932+00:00
2026-W27,all_time,27,azure-compute,microsoft/azure-skills,370800,2026-07-05T09:14:36.826932+00:00
2026-W27,all_time,28,azure-cloud-migrate,microsoft/azure-skills,360800,2026-07-05T09:14:36.826932+00:00
2026-W27,all_time,29,tdd,mattpocock/skills,355100,2026-07-05T09:14:36.826932+00:00
2026-W27,all_time,30,video-edit,agentspace-so/runcomfy-agent-skills,351200,2026-07-05T09:14:36.826932+00:00
2026-W27,all_time,35,image-edit,agentspace-so/runcomfy-agent-skills,349400,2026-07-05T09:14:36.826932+00:00
2026-W27,all_time,37,flux-kontext,agentspace-so/runcomfy-agent-skills,349300,2026-07-05T09:14:36.826932+00:00
2026-W27,all_time,46,wan-2-7,agentspace-so/runcomfy-agent-skills,348900,2026-07-05T09:14:36.826932+00:00
2026-W27,all_time,50,gpt-image-edit,agentspace-so/runcomfy-agent-skills,348900,2026-07-05T09:14:36.826932+00:00
2026-W27,all_time,58,happyhorse-1-0,agentspace-so/runcomfy-agent-skills,348700,2026-07-05T09:14:36.826932+00:00
2026-W27,all_time,61,seedance-v2,agentspace-so/runcomfy-agent-skills,348600,2026-07-05T09:14:36.826932+00:00
2026-W27,all_time,62,flux-2-klein,agentspace-so/runcomfy-agent-skills,348500,2026-07-05T09:14:36.826932+00:00
2026-W27,all_time,63,remotion-render,halt-catch-fire/skills,342100,2026-07-05T09:14:36.826932+00:00
2026-W27,all_time,68,agentspace,agentspace-so/skills,335100,2026-07-05T09:14:36.826932+00:00
2026-W27,all_time,69,to-prd,mattpocock/skills,333200,2026-07-05T09:14:36.826932+00:00
2026-W27,all_time,71,kling-3-0,agentspace-so/runcomfy-agent-skills,325600,2026-07-05T09:14:36.826932+00:00
2026-W27,all_time,72,to-issues,mattpocock/skills,320100,2026-07-05T09:14:36.826932+00:00
2026-W27,all_time,73,caveman,juliusbrussee/caveman,316000,2026-07-05T09:14:36.826932+00:00
2026-W27,all_time,74,sleek-design-mobile-apps,sleekdotdesign/agent-skills,315300,2026-07-05T09:14:36.826932+00:00
2026-W27,all_time,76,codex-pet,agentspace-so/runcomfy-agent-skills,314000,2026-07-05T09:14:36.826932+00:00
2026-W27,all_time,77,setup-matt-pocock-skills,mattpocock/skills,312800,2026-07-05T09:14:36.826932+00:00
2026-W27,all_time,78,lark-doc,larksuite/cli,312200,2026-07-05T09:14:36.826932+00:00
2026-W27,all_time,97,skill-creator,anthropics/skills,300900,2026-07-05T09:14:36.826932+00:00
2026-W27,all_time,98,azure-quotas,microsoft/azure-skills,297400,2026-07-05T09:14:36.826932+00:00
2026-W27,all_time,99,ai-video-generation,agentspace-so/runcomfy-agent-skills,294700,2026-07-05T09:14:36.826932+00:00
2026-W27,all_time,100,ai-image-generation,agentspace-so/runcomfy-agent-skills,294200,2026-07-05T09:14:36.826932+00:00
2026-W27,all_time,102,runcomfy-cli,agentspace-so/runcomfy-agent-skills,292500,2026-07-05T09:14:36.826932+00:00
2026-W27,all_time,103,ai-avatar-video,agentspace-so/runcomfy-agent-skills,292300,2026-07-05T09:14:36.826932+00:00
2026-W27,all_time,104,triage,mattpocock/skills,292200,2026-07-05T09:14:36.826932+00:00
2026-W27,all_time,105,face-swap,agentspace-so/runcomfy-agent-skills,292100,2026-07-05T09:14:36.826932+00:00
2026-W27,all_time,106,video-inpainting,agentspace-so/runcomfy-agent-skills,290400,2026-07-05T09:14:36.826932+00:00
2026-W27,all_time,107,image-inpainting,agentspace-so/runcomfy-agent-skills,290100,2026-07-05T09:14:36.826932+00:00
2026-W27,all_time,108,azure-upgrade,microsoft/azure-skills,289900,2026-07-05T09:14:36.826932+00:00
2026-W27,all_time,109,controlnet-pose,agentspace-so/runcomfy-agent-skills,289900,2026-07-05T09:14:36.826932+00:00
2026-W27,all_time,116,lark-approval,larksuite/cli,281800,2026-07-05T09:14:36.826932+00:00
2026-W27,all_time,117,ai-music,agentspace-so/runcomfy-agent-skills,281200,2026-07-05T09:14:36.826932+00:00
2026-W27,all_time,118,ace-step,agentspace-so/runcomfy-agent-skills,280800,2026-07-05T09:14:36.826932+00:00
2026-W27,all_time,119,handoff,mattpocock/skills,276000,2026-07-05T09:14:36.826932+00:00
2026-W27,all_time,120,github-actions-docs,xixu-me/skills,271600,2026-07-05T09:14:36.826932+00:00
2026-W27,all_time,121,prototype,mattpocock/skills,268500,2026-07-05T09:14:36.826932+00:00
2026-W27,all_time,122,supabase-postgres-best-practices,supabase/agent-skills,267800,2026-07-05T09:14:36.826932+00:00
2026-W27,all_time,123,openclaw-secure-linux-cloud,xixu-me/skills,266700,2026-07-05T09:14:36.826932+00:00
2026-W27,all_time,130,azure-enterprise-infra-planner,microsoft/azure-skills,263900,2026-07-05T09:14:36.826932+00:00
2026-W27,all_time,131,xget,xixu-me/skills,263100,2026-07-05T09:14:36.826932+00:00
2026-W27,all_time,132,tzst,xixu-me/skills,263000,2026-07-05T09:14:36.826932+00:00
2026-W27,all_time,133,xdrop,xixu-me/skills,262700,2026-07-05T09:14:36.826932+00:00
2026-W27,all_time,134,lark-slides,larksuite/cli,261700,2026-07-05T09:14:36.826932+00:00
2026-W27,all_time,135,lark-attendance,larksuite/cli,260399,2026-07-05T09:14:36.826932+00:00
2026-W27,all_time,136,brainstorming,obra/superpowers,259500,2026-07-05T09:14:36.826932+00:00
2026-W27,all_time,138,azure-kubernetes,microsoft/azure-skills,256800,2026-07-05T09:14:36.826932+00:00
2026-W27,all_time,139,ui-ux-pro-max,nextlevelbuilder/ui-ux-pro-max-skill,249900,2026-07-05T09:14:36.826932+00:00
2026-W27,all_time,140,lark-okr,larksuite/cli,245900,2026-07-05T09:14:36.826932+00:00
2026-W27,all_time,141,gpt-image-2,runcomfy-com/skills,240900,2026-07-05T09:14:36.826932+00:00
2026-W27,all_time,142,image-outpainting,doany-ai/skills,240900,2026-07-05T09:14:36.826932+00:00
2026-W27,all_time,143,ai-image-generation,runcomfy-com/skills,240900,2026-07-05T09:14:36.826932+00:00
2026-W27,all_time,144,ai-avatar-video,runcomfy-com/skills,240800,2026-07-05T09:14:36.826932+00:00
2026-W27,all_time,145,seedance-v2,doany-ai/skills,240800,2026-07-05T09:14:36.826932+00:00
2026-W27,all_time,146,flux-2-klein,runcomfy-com/skills,240700,2026-07-05T09:14:36.826932+00:00
2026-W27,all_time,147,face-swap,runcomfy-com/skills,240700,2026-07-05T09:14:36.826932+00:00
2026-W27,all_time,148,face-swap,doany-ai/skills,240700,2026-07-05T09:14:36.826932+00:00
2026-W27,all_time,153,elevenlabs-music-generation,runcomfy-com/skills,240700,2026-07-05T09:14:36.826932+00:00
2026-W27,all_time,154,relight,doany-ai/skills,240700,2026-07-05T09:14:36.826932+00:00
2026-W27,all_time,155,video-extend,doany-ai/skills,240600,2026-07-05T09:14:36.826932+00:00
2026-W27,all_time,156,image-to-video,runcomfy-com/skills,240600,2026-07-05T09:14:36.826932+00:00
2026-W27,all_time,157,codex-pet,runcomfy-com/skills,240600,2026-07-05T09:14:36.826932+00:00
2026-W27,all_time,158,image-inpainting,runcomfy-com/skills,240600,2026-07-05T09:14:36.826932+00:00
2026-W27,all_time,159,happyhorse-1-0,doany-ai/skills,240600,2026-07-05T09:14:36.826932+00:00
2026-W27,all_time,160,video-edit,runcomfy-com/skills,240600,2026-07-05T09:14:36.826932+00:00
2026-W27,all_time,161,flux-2-klein,doany-ai/skills,240600,2026-07-05T09:14:36.826932+00:00
2026-W27,all_time,162,video-outpainting,doany-ai/skills,240600,2026-07-05T09:14:36.826932+00:00
2026-W27,all_time,163,ai-video-generation,runcomfy-com/skills,240600,2026-07-05T09:14:36.826932+00:00
2026-W27,all_time,164,seedance-v2,runcomfy-com/skills,240500,2026-07-05T09:14:36.826932+00:00
2026-W27,all_time,165,gpt-image-edit,doany-ai/skills,240500,2026-07-05T09:14:36.826932+00:00
2026-W27,all_time,166,runcomfy-cli,doany-ai/skills,240500,2026-07-05T09:14:36.826932+00:00
2026-W27,all_time,167,video-inpainting,runcomfy-com/skills,240500,2026-07-05T09:14:36.826932+00:00
2026-W27,all_time,168,nano-banana-2,doany-ai/skills,240400,2026-07-05T09:14:36.826932+00:00
2026-W27,all_time,169,controlnet-pose,runcomfy-com/skills,240400,2026-07-05T09:14:36.826932+00:00
2026-W27,all_time,170,lipsync,runcomfy-com/skills,240400,2026-07-05T09:14:36.826932+00:00
2026-W27,all_time,171,ai-image-generation,doany-ai/skills,240400,2026-07-05T09:14:36.826932+00:00
2026-W27,all_time,172,flux-kontext,doany-ai/skills,240300,2026-07-05T09:14:36.826932+00:00
2026-W27,all_time,173,image-inpainting,doany-ai/skills,240300,2026-07-05T09:14:36.826932+00:00
2026-W27,all_time,174,image-edit,runcomfy-com/skills,240300,2026-07-05T09:14:36.826932+00:00
2026-W27,all_time,179,image-to-video,doany-ai/skills,240300,2026-07-05T09:14:36.826932+00:00
2026-W27,all_time,180,ai-avatar-video,doany-ai/skills,240200,2026-07-05T09:14:36.826932+00:00
2026-W27,all_time,181,ace-step,doany-ai/skills,240200,2026-07-05T09:14:36.826932+00:00
2026-W27,all_time,182,video-outpainting,runcomfy-com/skills,240200,2026-07-05T09:14:36.826932+00:00
2026-W27,all_time,183,lipsync,doany-ai/skills,240100,2026-07-05T09:14:36.826932+00:00
2026-W27,all_time,184,kling-3-0,runcomfy-com/skills,240100,2026-07-05T09:14:36.826932+00:00
2026-W27,all_time,185,gpt-image-edit,runcomfy-com/skills,240100,2026-07-05T09:14:36.826932+00:00
2026-W27,all_time,186,nano-banana-edit,runcomfy-com/skills,240000,2026-07-05T09:14:36.826932+00:00
2026-W27,all_time,187,elevenlabs-music-generation,doany-ai/skills,240000,2026-07-05T09:14:36.826932+00:00
2026-W27,all_time,188,image-outpainting,runcomfy-com/skills,240000,2026-07-05T09:14:36.826932+00:00
2026-W27,all_time,194,kling-3-0,doany-ai/skills,239900,2026-07-05T09:14:36.826932+00:00
2026-W27,all_time,200,vercel-composition-patterns,vercel-labs/agent-skills,236700,2026-07-05T09:14:36.826932+00:00
2026-W27,all_time,201,azure-cost,microsoft/azure-skills,232300,2026-07-05T09:14:36.826932+00:00
2026-W27,all_time,202,diagnose,mattpocock/skills,231400,2026-07-05T09:14:36.826932+00:00
2026-W27,all_time,203,simple,roin-orca/skills,225400,2026-07-05T09:14:36.826932+00:00
2026-W27,all_time,204,lark-markdown,larksuite/cli,224800,2026-07-05T09:14:36.826932+00:00
2026-W27,all_time,205,just-scrape,scrapegraphai/just-scrape,224600,2026-07-05T09:14:36.826932+00:00
2026-W27,all_time,206,write-a-skill,mattpocock/skills,223300,2026-07-05T09:14:36.826932+00:00
2026-W27,all_time,207,zoom-out,mattpocock/skills,222700,2026-07-05T09:14:36.826932+00:00
2026-W27,all_time,208,find-skills,agentspace-so/skills,220600,2026-07-05T09:14:36.826932+00:00
2026-W27,all_time,209,develop-userscripts,xixu-me/skills,220400,2026-07-05T09:14:36.826932+00:00
2026-W27,all_time,210,shadcn,shadcn/ui,220200,2026-07-05T09:14:36.826932+00:00
2026-W27,all_time,211,caveman,mattpocock/skills,217800,2026-07-05T09:14:36.826932+00:00
2026-W27,all_time,212,design-taste-frontend,leonxlnx/taste-skill,217600,2026-07-05T09:14:36.826932+00:00
2026-W27,all_time,213,caveman-commit,juliusbrussee/caveman,211900,2026-07-05T09:14:36.826932+00:00
2026-W27,all_time,214,caveman-review,juliusbrussee/caveman,210300,2026-07-05T09:14:36.826932+00:00
2026-W27,all_time,215,caveman-compress,juliusbrussee/caveman,208300,2026-07-05T09:14:36.826932+00:00
2026-W27,all_time,216,azure-cost-optimization,microsoft/azure-skills,208200,2026-07-05T09:14:36.826932+00:00
2026-W27,all_time,217,caveman-help,juliusbrussee/caveman,203300,2026-07-05T09:14:36.826932+00:00
2026-W27,all_time,218,lark-vc-agent,larksuite/cli,197000,2026-07-05T09:14:36.826932+00:00
2026-W27,all_time,219,impeccable,pbakaus/impeccable,182200,2026-07-05T09:14:36.826932+00:00
2026-W27,all_time,220,airunway-aks-setup,microsoft/azure-skills,177000,2026-07-05T09:14:36.826932+00:00
2026-W27,all_time,221,high-end-visual-design,leonxlnx/taste-skill,172900,2026-07-05T09:14:36.826932+00:00
2026-W27,all_time,222,systematic-debugging,obra/superpowers,172100,2026-07-05T09:14:36.826932+00:00
2026-W27,all_time,223,writing-plans,obra/superpowers,170500,2026-07-05T09:14:36.826932+00:00
2026-W27,all_time,224,redesign-existing-projects,leonxlnx/taste-skill,169900,2026-07-05T09:14:36.826932+00:00
2026-W27,all_time,225,using-superpowers,obra/superpowers,169800,2026-07-05T09:14:36.826932+00:00
2026-W27,all_time,226,pptx,anthropics/skills,167100,2026-07-05T09:14:36.826932+00:00
2026-W27,all_time,227,hyperframes,heygen-com/hyperframes,164500,2026-07-05T09:14:36.826932+00:00
2026-W27,all_time,228,teach,mattpocock/skills,164500,2026-07-05T09:14:36.826932+00:00
2026-W27,all_time,229,cavecrew,juliusbrussee/caveman,161200,2026-07-05T09:14:36.826932+00:00
2026-W27,all_time,230,caveman-stats,juliusbrussee/caveman,161000,2026-07-05T09:14:36.826932+00:00
2026-W27,all_time,231,hyperframes-cli,heygen-com/hyperframes,160300,2026-07-05T09:14:36.826932+00:00
2026-W27,all_time,232,minimalist-ui,leonxlnx/taste-skill,158400,2026-07-05T09:14:36.826932+00:00
2026-W27,all_time,233,vercel-react-native-skills,vercel-labs/agent-skills,158000,2026-07-05T09:14:36.826932+00:00
2026-W27,all_time,234,lark-apps,larksuite/cli,156900,2026-07-05T09:14:36.826932+00:00
2026-W27,all_time,235,hyperframes-registry,heygen-com/hyperframes,156200,2026-07-05T09:14:36.826932+00:00
2026-W27,all_time,236,requesting-code-review,obra/superpowers,153900,2026-07-05T09:14:36.826932+00:00
2026-W27,all_time,237,seo-audit,coreyhaines31/marketingskills,153000,2026-07-05T09:14:36.826932+00:00
2026-W27,all_time,238,supabase,supabase/agent-skills,152500,2026-07-05T09:14:36.826932+00:00
2026-W27,all_time,239,test-driven-development,obra/superpowers,152400,2026-07-05T09:14:36.826932+00:00
2026-W27,all_time,240,full-output-enforcement,leonxlnx/taste-skill,151600,2026-07-05T09:14:36.826932+00:00
2026-W27,all_time,241,entra-agent-id,microsoft/azure-skills,151200,2026-07-05T09:14:36.826932+00:00
2026-W27,all_time,242,pdf,anthropics/skills,149300,2026-07-05T09:14:36.826932+00:00
2026-W27,all_time,243,industrial-brutalist-ui,leonxlnx/taste-skill,147400,2026-07-05T09:14:36.826932+00:00
2026-W27,all_time,244,stitch-design-taste,leonxlnx/taste-skill,146600,2026-07-05T09:14:36.826932+00:00
2026-W27,all_time,245,docx,anthropics/skills,143400,2026-07-05T09:14:36.826932+00:00
2026-W27,all_time,246,copywriting,coreyhaines31/marketingskills,143000,2026-07-05T09:14:36.826932+00:00
2026-W27,all_time,247,executing-plans,obra/superpowers,141300,2026-07-05T09:14:36.826932+00:00
2026-W27,all_time,248,gpt-taste,leonxlnx/taste-skill,140900,2026-07-05T09:14:36.826932+00:00
2026-W27,all_time,249,paper-context-resolver,lllllllama/ai-paper-reproduction-skill,140400,2026-07-05T09:14:36.826932+00:00
2026-W27,all_time,253,remotion-to-hyperframes,heygen-com/hyperframes,138500,2026-07-05T09:14:36.826932+00:00
2026-W27,all_time,254,hyperframes-media,heygen-com/hyperframes,134100,2026-07-05T09:14:36.826932+00:00
2026-W27,all_time,255,subagent-driven-development,obra/superpowers,134000,2026-07-05T09:14:36.826932+00:00
2026-W27,all_time,257,viral-short-form,vyralcontent/content-skills,132200,2026-07-05T09:14:36.826932+00:00
2026-W27,all_time,258,verification-before-completion,obra/superpowers,131800,2026-07-05T09:14:36.826932+00:00
2026-W27,all_time,259,brandkit,leonxlnx/taste-skill,128400,2026-07-05T09:14:36.826932+00:00
2026-W27,all_time,260,image-to-code,leonxlnx/taste-skill,127200,2026-07-05T09:14:36.826932+00:00
2026-W27,all_time,261,xlsx,anthropics/skills,126700,2026-07-05T09:14:36.826932+00:00
2026-W27,all_time,262,receiving-code-review,obra/superpowers,126500,2026-07-05T09:14:36.826932+00:00
2026-W27,all_time,263,imagegen-frontend-web,leonxlnx/taste-skill,126000,2026-07-05T09:14:36.826932+00:00
2026-W27,all_time,264,writing-skills,obra/superpowers,125500,2026-07-05T09:14:36.826932+00:00
2026-W27,all_time,265,extract-design-system,arvindrk/extract-design-system,124700,2026-07-05T09:14:36.826932+00:00
2026-W27,all_time,266,dispatching-parallel-agents,obra/superpowers,123700,2026-07-05T09:14:36.826932+00:00
2026-W27,all_time,267,using-git-worktrees,obra/superpowers,123200,2026-07-05T09:14:36.826932+00:00
2026-W27,all_time,268,imagegen-frontend-mobile,leonxlnx/taste-skill,123100,2026-07-05T09:14:36.826932+00:00
2026-W27,all_time,269,viral-hooks,vyralcontent/content-skills,123000,2026-07-05T09:14:36.826932+00:00
2026-W27,all_time,275,finishing-a-development-branch,obra/superpowers,121000,2026-07-05T09:14:36.826932+00:00
2026-W27,all_time,276,emil-design-eng,emilkowalski/skills,116800,2026-07-05T09:14:36.826932+00:00
2026-W27,all_time,277,azure-reliability,microsoft/azure-skills,110800,2026-07-05T09:14:36.826932+00:00
2026-W27,trending_24h,1,ai-video-generation,halt-catch-fire/skills,22100,2026-07-05T09:14:36.826932+00:00
2026-W27,trending_24h,6,viral-hooks,vyralcontent/content-skills,17900,2026-07-05T09:14:36.826932+00:00
2026-W27,trending_24h,13,find-skills,vercel-labs/skills,12500,2026-07-05T09:14:36.826932+00:00
2026-W27,trending_24h,14,ai-avatar-video,agentspace-so/runcomfy-agent-skills,6000,2026-07-05T09:14:36.826932+00:00
2026-W27,trending_24h,43,image-edit,doany-ai/skills,5700,2026-07-05T09:14:36.826932+00:00
2026-W27,trending_24h,44,ai-music,doany-ai/skills,5700,2026-07-05T09:14:36.826932+00:00
2026-W27,trending_24h,45,gpt-image-2,runcomfy-com/skills,5700,2026-07-05T09:14:36.826932+00:00
2026-W27,trending_24h,46,kling-3-0,doany-ai/skills,5700,2026-07-05T09:14:36.826932+00:00
2026-W27,trending_24h,47,nano-banana-edit,runcomfy-com/skills,5600,2026-07-05T09:14:36.826932+00:00
2026-W27,trending_24h,48,flux-kontext,doany-ai/skills,5600,2026-07-05T09:14:36.826932+00:00
2026-W27,trending_24h,49,video-edit,runcomfy-com/skills,5600,2026-07-05T09:14:36.826932+00:00
2026-W27,trending_24h,50,happyhorse-1-0,runcomfy-com/skills,5600,2026-07-05T09:14:36.826932+00:00
2026-W27,trending_24h,51,image-inpainting,runcomfy-com/skills,5600,2026-07-05T09:14:36.826932+00:00
2026-W27,trending_24h,52,face-swap,doany-ai/skills,5600,2026-07-05T09:14:36.826932+00:00
2026-W27,trending_24h,53,gpt-image-edit,doany-ai/skills,5600,2026-07-05T09:14:36.826932+00:00
2026-W27,trending_24h,54,flux-2-klein,runcomfy-com/skills,5600,2026-07-05T09:14:36.826932+00:00
2026-W27,trending_24h,55,nano-banana-2,doany-ai/skills,5600,2026-07-05T09:14:36.826932+00:00
2026-W27,trending_24h,56,lipsync,runcomfy-com/skills,5600,2026-07-05T09:14:36.826932+00:00
2026-W27,trending_24h,57,video-extend,doany-ai/skills,5600,2026-07-05T09:14:36.826932+00:00
2026-W27,trending_24h,58,runcomfy-cli,runcomfy-com/skills,5600,2026-07-05T09:14:36.826932+00:00
2026-W27,trending_24h,59,image-outpainting,doany-ai/skills,5600,2026-07-05T09:14:36.826932+00:00
2026-W27,trending_24h,60,video-inpainting,runcomfy-com/skills,5600,2026-07-05T09:14:36.826932+00:00
2026-W27,trending_24h,61,relight,doany-ai/skills,5600,2026-07-05T09:14:36.826932+00:00
2026-W27,trending_24h,62,controlnet-pose,doany-ai/skills,5600,2026-07-05T09:14:36.826932+00:00
2026-W27,trending_24h,63,ai-video-generation,runcomfy-com/skills,5600,2026-07-05T09:14:36.826932+00:00
2026-W27,trending_24h,69,seedance-v2,doany-ai/skills,5500,2026-07-05T09:14:36.826932+00:00
2026-W27,trending_24h,70,video-outpainting,runcomfy-com/skills,5500,2026-07-05T09:14:36.826932+00:00
2026-W27,trending_24h,71,agentspace,agentspace-so/skills,5500,2026-07-05T09:14:36.826932+00:00
2026-W27,trending_24h,72,find-skills,agentspace-so/skills,5500,2026-07-05T09:14:36.826932+00:00
2026-W27,trending_24h,73,image-inpainting,doany-ai/skills,5500,2026-07-05T09:14:36.826932+00:00
2026-W27,trending_24h,74,ace-step,runcomfy-com/skills,5500,2026-07-05T09:14:36.826932+00:00
2026-W27,trending_24h,75,video-outpainting,doany-ai/skills,5500,2026-07-05T09:14:36.826932+00:00
2026-W27,trending_24h,76,flux-2-klein,doany-ai/skills,5500,2026-07-05T09:14:36.826932+00:00
2026-W27,trending_24h,77,ai-avatar-video,doany-ai/skills,5500,2026-07-05T09:14:36.826932+00:00
2026-W27,trending_24h,78,image-to-video,runcomfy-com/skills,5500,2026-07-05T09:14:36.826932+00:00
2026-W27,trending_24h,79,nano-banana-edit,doany-ai/skills,5500,2026-07-05T09:14:36.826932+00:00
2026-W27,trending_24h,80,video-extend,runcomfy-com/skills,5500,2026-07-05T09:14:36.826932+00:00
2026-W27,trending_24h,81,nano-banana-2,runcomfy-com/skills,5500,2026-07-05T09:14:36.826932+00:00
2026-W27,trending_24h,82,happyhorse-1-0,doany-ai/skills,5500,2026-07-05T09:14:36.826932+00:00
2026-W27,trending_24h,83,lipsync,doany-ai/skills,5500,2026-07-05T09:14:36.826932+00:00
2026-W27,trending_24h,84,seedance-v2,runcomfy-com/skills,5500,2026-07-05T09:14:36.826932+00:00
2026-W27,trending_24h,85,image-to-video,doany-ai/skills,5500,2026-07-05T09:14:36.826932+00:00
2026-W27,trending_24h,89,controlnet-pose,runcomfy-com/skills,5500,2026-07-05T09:14:36.826932+00:00
2026-W27,trending_24h,93,runcomfy-cli,doany-ai/skills,5500,2026-07-05T09:14:36.826932+00:00
2026-W27,trending_24h,94,relight,runcomfy-com/skills,5500,2026-07-05T09:14:36.826932+00:00
2026-W27,trending_24h,95,wan-2-7,doany-ai/skills,5500,2026-07-05T09:14:36.826932+00:00
2026-W27,trending_24h,96,ai-image-generation,doany-ai/skills,5500,2026-07-05T09:14:36.826932+00:00
2026-W27,trending_24h,97,ace-step,doany-ai/skills,5500,2026-07-05T09:14:36.826932+00:00
2026-W27,trending_24h,98,ai-image-generation,runcomfy-com/skills,5500,2026-07-05T09:14:36.826932+00:00
2026-W27,trending_24h,99,ai-video-generation,doany-ai/skills,5400,2026-07-05T09:14:36.826932+00:00
2026-W27,trending_24h,100,flux-kontext,runcomfy-com/skills,5400,2026-07-05T09:14:36.826932+00:00
2026-W27,trending_24h,101,image-outpainting,runcomfy-com/skills,5400,2026-07-05T09:14:36.826932+00:00
2026-W27,trending_24h,102,gpt-image-edit,runcomfy-com/skills,5400,2026-07-05T09:14:36.826932+00:00
2026-W27,trending_24h,103,elevenlabs-music-generation,doany-ai/skills,5400,2026-07-05T09:14:36.826932+00:00
2026-W27,trending_24h,104,grill-me,mattpocock/skills,4900,2026-07-05T09:14:36.826932+00:00
2026-W27,trending_24h,105,just-scrape,scrapegraphai/just-scrape,4800,2026-07-05T09:14:36.826932+00:00
2026-W27,trending_24h,106,sleek-design-mobile-apps,sleekdotdesign/agent-skills,4400,2026-07-05T09:14:36.826932+00:00
2026-W27,trending_24h,107,grill-with-docs,mattpocock/skills,4400,2026-07-05T09:14:36.826932+00:00
2026-W27,trending_24h,108,design-taste-frontend,leonxlnx/taste-skill,4400,2026-07-05T09:14:36.826932+00:00
2026-W27,trending_24h,109,grilling,mattpocock/skills,4300,2026-07-05T09:14:36.826932+00:00
2026-W27,trending_24h,110,agent-browser,halt-catch-fire/skills,4200,2026-07-05T09:14:36.826932+00:00
2026-W27,trending_24h,111,tdd,mattpocock/skills,4200,2026-07-05T09:14:36.826932+00:00
2026-W27,trending_24h,115,github-actions-docs,xixu-me/skills,4000,2026-07-05T09:14:36.826932+00:00
2026-W27,trending_24h,120,ai-research-explore,lllllllama/rigorpilot-skills,3900,2026-07-05T09:14:36.826932+00:00
2026-W27,trending_24h,121,openclaw-secure-linux-cloud,xixu-me/skills,3900,2026-07-05T09:14:36.826932+00:00
2026-W27,trending_24h,127,analyze-project,lllllllama/rigorpilot-skills,3900,2026-07-05T09:14:36.826932+00:00
2026-W27,trending_24h,128,tzst,xixu-me/skills,3900,2026-07-05T09:14:36.826932+00:00
2026-W27,trending_24h,129,setup-matt-pocock-skills,mattpocock/skills,3900,2026-07-05T09:14:36.826932+00:00
2026-W27,trending_24h,130,domain-modeling,mattpocock/skills,3900,2026-07-05T09:14:36.826932+00:00
2026-W27,trending_24h,131,ai-research-reproduction,lllllllama/rigorpilot-skills,3900,2026-07-05T09:14:36.826932+00:00
2026-W27,trending_24h,140,to-issues,mattpocock/skills,3900,2026-07-05T09:14:36.826932+00:00
2026-W27,trending_24h,147,hyperframes,heygen-com/hyperframes,3700,2026-07-05T09:14:36.826932+00:00
2026-W27,trending_24h,148,diagnosing-bugs,mattpocock/skills,3600,2026-07-05T09:14:36.826932+00:00
2026-W27,trending_24h,149,hyperframes-media,heygen-com/hyperframes,3600,2026-07-05T09:14:36.826932+00:00
2026-W27,trending_24h,154,research,mattpocock/skills,3600,2026-07-05T09:14:36.826932+00:00
2026-W27,trending_24h,155,motion-graphics,heygen-com/hyperframes,3600,2026-07-05T09:14:36.826932+00:00
2026-W27,trending_24h,161,triage,mattpocock/skills,3600,2026-07-05T09:14:36.826932+00:00
2026-W27,trending_24h,162,website-to-video,heygen-com/hyperframes,3600,2026-07-05T09:14:36.826932+00:00
2026-W27,trending_24h,171,ask-matt,mattpocock/skills,3500,2026-07-05T09:14:36.826932+00:00
2026-W27,trending_24h,172,frontend-design,anthropics/skills,3200,2026-07-05T09:14:36.826932+00:00
2026-W27,trending_24h,173,high-end-visual-design,leonxlnx/taste-skill,3200,2026-07-05T09:14:36.826932+00:00
2026-W27,trending_24h,174,redesign-existing-projects,leonxlnx/taste-skill,3100,2026-07-05T09:14:36.826932+00:00
2026-W27,trending_24h,202,minimalist-ui,leonxlnx/taste-skill,2900,2026-07-05T09:14:36.826932+00:00
2026-W27,trending_24h,203,brandkit,leonxlnx/taste-skill,2900,2026-07-05T09:14:36.826932+00:00
2026-W27,trending_24h,204,gpt-taste,leonxlnx/taste-skill,2900,2026-07-05T09:14:36.826932+00:00
2026-W27,trending_24h,205,caveman,juliusbrussee/caveman,2900,2026-07-05T09:14:36.826932+00:00
2026-W27,trending_24h,206,imagegen-frontend-web,leonxlnx/taste-skill,2800,2026-07-05T09:14:36.826932+00:00
2026-W27,trending_24h,207,full-output-enforcement,leonxlnx/taste-skill,2800,2026-07-05T09:14:36.826932+00:00
2026-W27,trending_24h,208,web-search,halt-catch-fire/skills,2800,2026-07-05T09:14:36.826932+00:00
2026-W27,trending_24h,212,industrial-brutalist-ui,leonxlnx/taste-skill,2800,2026-07-05T09:14:36.826932+00:00
2026-W27,trending_24h,217,lark-doc,larksuite/cli,2500,2026-07-05T09:14:36.826932+00:00
2026-W27,trending_24h,244,cavecrew,juliusbrussee/caveman,2400,2026-07-05T09:14:36.826932+00:00
2026-W27,trending_24h,250,amazon-product-research,nexscope-ai/amazon-skills,2200,2026-07-05T09:14:36.826932+00:00
2026-W27,trending_24h,251,browser-act,browser-act/skills,2100,2026-07-05T09:14:36.826932+00:00
2026-W27,trending_24h,252,design-an-interface,mattpocock/skills,2100,2026-07-05T09:14:36.826932+00:00
2026-W27,trending_24h,253,web-design-guidelines,vercel-labs/agent-skills,2100,2026-07-05T09:14:36.826932+00:00
2026-W27,trending_24h,254,paperclip,getpaperclipai/paperclip,2100,2026-07-05T09:14:36.826932+00:00
2026-W27,trending_24h,260,wayfinder,mattpocock/skills,2100,2026-07-05T09:14:36.826932+00:00
2026-W27,trending_24h,269,vercel-react-best-practices,vercel-labs/agent-skills,2000,2026-07-05T09:14:36.826932+00:00
2026-W27,trending_24h,270,edit-article,mattpocock/skills,2000,2026-07-05T09:14:36.826932+00:00
2026-W27,trending_24h,276,simple,roin-orca/skills,2000,2026-07-05T09:14:36.826932+00:00
2026-W27,trending_24h,277,agent-browser,vercel-labs/agent-browser,1900,2026-07-05T09:14:36.826932+00:00
2026-W27,trending_24h,278,scaffold-exercises,mattpocock/skills,1900,2026-07-05T09:14:36.826932+00:00
2026-W27,trending_24h,279,migrate-to-shoehorn,mattpocock/skills,1900,2026-07-05T09:14:36.826932+00:00
2026-W27,trending_24h,280,cross-border-ecommerce,nexscope-ai/ecommerce-skills,1800,2026-07-05T09:14:36.826932+00:00
2026-W27,trending_24h,281,browser-act-skill-forge,browser-act/skills,1700,2026-07-05T09:14:36.826932+00:00
2026-W27,trending_24h,282,remotion-best-practices,remotion-dev/skills,1600,2026-07-05T09:14:36.826932+00:00
2026-W27,trending_24h,283,supabase-postgres-best-practices,supabase/agent-skills,1600,2026-07-05T09:14:36.826932+00:00
2026-W27,trending_24h,284,ui-ux-pro-max,nextlevelbuilder/ui-ux-pro-max-skill,1600,2026-07-05T09:14:36.826932+00:00
2026-W27,trending_24h,285,landing-page-design,halt-catch-fire/skills,1500,2026-07-05T09:14:36.826932+00:00
2026-W27,trending_24h,295,shadcn,shadcn/ui,1400,2026-07-05T09:14:36.826932+00:00
2026-W27,trending_24h,296,supabase,supabase/agent-skills,1400,2026-07-05T09:14:36.826932+00:00
2026-W27,trending_24h,297,brainstorming,obra/superpowers,1300,2026-07-05T09:14:36.826932+00:00
2026-W27,trending_24h,298,skill-creator,anthropics/skills,1100,2026-07-05T09:14:36.826932+00:00
2026-W27,trending_24h,299,vercel-composition-patterns,vercel-labs/agent-skills,1100,2026-07-05T09:14:36.826932+00:00
2026-W27,trending_24h,300,playwright-cli,microsoft/playwright-cli,1100,2026-07-05T09:14:36.826932+00:00
2026-W27,trending_24h,301,impeccable,pbakaus/impeccable,1100,2026-07-05T09:14:36.826932+00:00
2026-W27,trending_24h,302,systematic-debugging,obra/superpowers,1000,2026-07-05T09:14:36.826932+00:00
2026-W27,trending_24h,303,writing-plans,obra/superpowers,1000,2026-07-05T09:14:36.826932+00:00
2026-W27,trending_24h,304,emil-design-eng,emilkowalski/skills,1000,2026-07-05T09:14:36.826932+00:00
2026-W27,trending_24h,305,using-superpowers,obra/superpowers,970,2026-07-05T09:14:36.826932+00:00
2026-W27,trending_24h,306,test-driven-development,obra/superpowers,925,2026-07-05T09:14:36.826932+00:00
2026-W27,trending_24h,307,higgsfield-generate,higgsfield-ai/skills,924,2026-07-05T09:14:36.826932+00:00
2026-W27,trending_24h,308,requesting-code-review,obra/superpowers,920,2026-07-05T09:14:36.826932+00:00
2026-W27,trending_24h,309,executing-plans,obra/superpowers,885,2026-07-05T09:14:36.826932+00:00
2026-W27,trending_24h,310,review-animations,emilkowalski/skills,870,2026-07-05T09:14:36.826932+00:00
2026-W27,trending_24h,311,animation-vocabulary,emilkowalski/skills,841,2026-07-05T09:14:36.826932+00:00
2026-W27,trending_24h,312,subagent-driven-development,obra/superpowers,838,2026-07-05T09:14:36.826932+00:00
2026-W27,trending_24h,313,verification-before-completion,obra/superpowers,838,2026-07-05T09:14:36.826932+00:00
2026-W27,trending_24h,314,google-agents-cli-adk-code,google/agents-cli,821,2026-07-05T09:14:36.826932+00:00
2026-W27,trending_24h,321,using-git-worktrees,obra/superpowers,795,2026-07-05T09:14:36.826932+00:00
2026-W27,trending_24h,325,microsoft-foundry,microsoft/azure-skills,784,2026-07-05T09:14:36.826932+00:00
2026-W27,trending_24h,326,finishing-a-development-branch,obra/superpowers,776,2026-07-05T09:14:36.826932+00:00
2026-W27,trending_24h,327,azure-deploy,microsoft/azure-skills,762,2026-07-05T09:14:36.826932+00:00
2026-W27,trending_24h,339,higgsfield-product-photoshoot,higgsfield-ai/skills,753,2026-07-05T09:14:36.826932+00:00
2026-W27,trending_24h,340,azure-compliance,microsoft/azure-skills,753,2026-07-05T09:14:36.826932+00:00
2026-W27,trending_24h,345,higgsfield-soul-id,higgsfield-ai/skills,749,2026-07-05T09:14:36.826932+00:00
2026-W27,trending_24h,346,azure-cloud-migrate,microsoft/azure-skills,748,2026-07-05T09:14:36.826932+00:00
2026-W27,trending_24h,352,higgsfield-marketplace-cards,higgsfield-ai/skills,741,2026-07-05T09:14:36.826932+00:00
2026-W27,trending_24h,353,airunway-aks-setup,microsoft/azure-skills,739,2026-07-05T09:14:36.826932+00:00
2026-W27,trending_24h,354,entra-agent-id,microsoft/azure-skills,738,2026-07-05T09:14:36.826932+00:00
2026-W27,trending_24h,355,azure-reliability,microsoft/azure-skills,737,2026-07-05T09:14:36.826932+00:00
2026-W27,trending_24h,356,higgsfield-websites,higgsfield-ai/skills,736,2026-07-05T09:14:36.826932+00:00
2026-W27,trending_24h,357,copywriting,coreyhaines31/marketingskills,716,2026-07-05T09:14:36.826932+00:00
2026-W27,trending_24h,358,python-appservice-deploy,microsoft/azure-skills,712,2026-07-05T09:14:36.826932+00:00
2026-W27,trending_24h,359,firebase-basics,firebase/agent-skills,706,2026-07-05T09:14:36.826932+00:00
2026-W27,trending_24h,360,vercel-react-native-skills,vercel-labs/agent-skills,700,2026-07-05T09:14:36.826932+00:00
2026-W27,trending_24h,361,firebase-security-rules-auditor,firebase/agent-skills,698,2026-07-05T09:14:36.826932+00:00
2026-W27,trending_24h,362,firecrawl,firecrawl/cli,697,2026-07-05T09:14:36.826932+00:00
2026-W27,trending_24h,363,firebase-auth-basics,firebase/agent-skills,697,2026-07-05T09:14:36.826932+00:00
2026-W27,trending_24h,364,seo-audit,coreyhaines31/marketingskills,691,2026-07-05T09:14:36.826932+00:00
2026-W27,trending_24h,365,firebase-firestore,firebase/agent-skills,687,2026-07-05T09:14:36.826932+00:00
2026-W27,trending_24h,373,pptx,anthropics/skills,644,2026-07-05T09:14:36.826932+00:00
2026-W27,trending_24h,374,firecrawl-scrape,firecrawl/cli,641,2026-07-05T09:14:36.826932+00:00
2026-W27,trending_24h,383,vercel-react-view-transitions,vercel-labs/agent-skills,617,2026-07-05T09:14:36.826932+00:00
2026-W27,trending_24h,384,firecrawl-build-scrape,firecrawl/skills,616,2026-07-05T09:14:36.826932+00:00
2026-W27,trending_24h,388,wind-mcp-skill,wind-information-co-ltd/wind-skills,613,2026-07-05T09:14:36.826932+00:00
2026-W27,trending_24h,389,firecrawl-research-index,firecrawl/skills,605,2026-07-05T09:14:36.826932+00:00
2026-W27,trending_24h,390,deploy-to-vercel,vercel-labs/agent-skills,573,2026-07-05T09:14:36.826932+00:00
2026-W27,trending_24h,391,firecrawl-deep-research,firecrawl/firecrawl-workflows,563,2026-07-05T09:14:36.826932+00:00
2026-W27,trending_24h,392,docx,anthropics/skills,550,2026-07-05T09:14:36.826932+00:00
2026-W27,trending_24h,393,firecrawl-website-design-clone,firecrawl/firecrawl-workflows,550,2026-07-05T09:14:36.826932+00:00
2026-W27,trending_24h,394,firecrawl-market-research,firecrawl/firecrawl-workflows,541,2026-07-05T09:14:36.826932+00:00
2026-W27,trending_24h,395,webapp-testing,anthropics/skills,541,2026-07-05T09:14:36.826932+00:00
2026-W27,trending_24h,396,writing-guidelines,vercel-labs/agent-skills,539,2026-07-05T09:14:36.826932+00:00
2026-W27,trending_24h,397,firecrawl-research-papers,firecrawl/firecrawl-workflows,537,2026-07-05T09:14:36.826932+00:00
2026-W27,trending_24h,401,pdf,anthropics/skills,530,2026-07-05T09:14:36.826932+00:00
2026-W27,hot,1,ai-avatar-video,halt-catch-fire/skills,-1163,2026-07-05T09:14:36.826932+00:00
2026-W27,hot,6,find-skills,vercel-labs/skills,-437,2026-07-05T09:14:36.826932+00:00
2026-W27,hot,7,face-swap,agentspace-so/runcomfy-agent-skills,-205,2026-07-05T09:14:36.826932+00:00
2026-W27,hot,15,seedance-v2,doany-ai/skills,-156,2026-07-05T09:14:36.826932+00:00
2026-W27,hot,16,image-to-video,agentspace-so/runcomfy-agent-skills,-192,2026-07-05T09:14:36.826932+00:00
2026-W27,hot,17,elevenlabs-music-generation,agentspace-so/runcomfy-agent-skills,-219,2026-07-05T09:14:36.826932+00:00
2026-W27,hot,18,gpt-image-edit,doany-ai/skills,-151,2026-07-05T09:14:36.826932+00:00
2026-W27,hot,19,kling-3-0,doany-ai/skills,-162,2026-07-05T09:14:36.826932+00:00
2026-W27,hot,20,runcomfy-cli,runcomfy-com/skills,-153,2026-07-05T09:14:36.826932+00:00
2026-W27,hot,21,image-to-video,runcomfy-com/skills,-154,2026-07-05T09:14:36.826932+00:00
2026-W27,hot,22,video-extend,doany-ai/skills,-155,2026-07-05T09:14:36.826932+00:00
2026-W27,hot,23,image-edit,doany-ai/skills,-159,2026-07-05T09:14:36.826932+00:00
2026-W27,hot,24,seedance-v2,agentspace-so/runcomfy-agent-skills,-205,2026-07-05T09:14:36.826932+00:00
2026-W27,hot,25,ai-image-generation,agentspace-so/runcomfy-agent-skills,-207,2026-07-05T09:14:36.826932+00:00
2026-W27,hot,26,kling-3-0,agentspace-so/runcomfy-agent-skills,-214,2026-07-05T09:14:36.826932+00:00
2026-W27,hot,27,image-outpainting,doany-ai/skills,-149,2026-07-05T09:14:36.826932+00:00
2026-W27,hot,28,codex-pet,runcomfy-com/skills,-153,2026-07-05T09:14:36.826932+00:00
2026-W27,hot,29,gpt-image-2,runcomfy-com/skills,-158,2026-07-05T09:14:36.826932+00:00
2026-W27,hot,30,nano-banana-2,doany-ai/skills,-163,2026-07-05T09:14:36.826932+00:00
2026-W27,hot,31,wan-2-7,agentspace-so/runcomfy-agent-skills,-205,2026-07-05T09:14:36.826932+00:00
2026-W27,hot,32,ai-avatar-video,agentspace-so/runcomfy-agent-skills,-215,2026-07-05T09:14:36.826932+00:00
2026-W27,hot,33,face-swap,doany-ai/skills,-152,2026-07-05T09:14:36.826932+00:00
2026-W27,hot,34,elevenlabs-music-generation,runcomfy-com/skills,-154,2026-07-05T09:14:36.826932+00:00
2026-W27,hot,35,video-inpainting,runcomfy-com/skills,-157,2026-07-05T09:14:36.826932+00:00
2026-W27,hot,36,image-inpainting,runcomfy-com/skills,-161,2026-07-05T09:14:36.826932+00:00
2026-W27,hot,37,flux-kontext,doany-ai/skills,-147,2026-07-05T09:14:36.826932+00:00
2026-W27,hot,38,video-outpainting,doany-ai/skills,-157,2026-07-05T09:14:36.826932+00:00
2026-W27,hot,39,nano-banana-edit,runcomfy-com/skills,-153,2026-07-05T09:14:36.826932+00:00
2026-W27,hot,40,controlnet-pose,doany-ai/skills,-156,2026-07-05T09:14:36.826932+00:00
2026-W27,hot,41,relight,doany-ai/skills,-157,2026-07-05T09:14:36.826932+00:00
2026-W27,hot,42,lipsync,runcomfy-com/skills,-159,2026-07-05T09:14:36.826932+00:00
2026-W27,hot,43,happyhorse-1-0,runcomfy-com/skills,-166,2026-07-05T09:14:36.826932+00:00
2026-W27,hot,44,ai-avatar-video,doany-ai/skills,-151,2026-07-05T09:14:36.826932+00:00
2026-W27,hot,45,ai-music,runcomfy-com/skills,-154,2026-07-05T09:14:36.826932+00:00
2026-W27,hot,49,ai-music,doany-ai/skills,-168,2026-07-05T09:14:36.826932+00:00
2026-W27,hot,50,wan-2-7,runcomfy-com/skills,-166,2026-07-05T09:14:36.826932+00:00
2026-W27,hot,51,agent-browser,halt-catch-fire/skills,-239,2026-07-05T09:14:36.826932+00:00
2026-W27,hot,79,frontend-design,anthropics/skills,-104,2026-07-05T09:14:36.826932+00:00
2026-W27,hot,80,lark-attendance,larksuite/cli,-107,2026-07-05T09:14:36.826932+00:00
2026-W27,hot,107,image-inpainting,agentspace-so/runcomfy-agent-skills,-174,2026-07-05T09:14:36.826932+00:00
2026-W27,hot,108,lipsync,agentspace-so/runcomfy-agent-skills,-180,2026-07-05T09:14:36.826932+00:00
2026-W27,hot,109,infsh-cli,halt-catch-fire/skills,-137,2026-07-05T09:14:36.826932+00:00
2026-W27,hot,113,design-taste-frontend,leonxlnx/taste-skill,-182,2026-07-05T09:14:36.826932+00:00
2026-W27,hot,114,nano-banana-edit,agentspace-so/runcomfy-agent-skills,-189,2026-07-05T09:14:36.826932+00:00
2026-W27,hot,115,flux-2-klein,agentspace-so/runcomfy-agent-skills,-186,2026-07-05T09:14:36.826932+00:00
2026-W27,hot,116,controlnet-pose,agentspace-so/runcomfy-agent-skills,-197,2026-07-05T09:14:36.826932+00:00
2026-W27,hot,117,grill-me,mattpocock/skills,-244,2026-07-05T09:14:36.826932+00:00
2026-W27,hot,118,caveman,juliusbrussee/caveman,-123,2026-07-05T09:14:36.826932+00:00
2026-W27,hot,119,codex-pet,agentspace-so/runcomfy-agent-skills,-193,2026-07-05T09:14:36.826932+00:00
2026-W27,hot,120,video-inpainting,agentspace-so/runcomfy-agent-skills,-194,2026-07-05T09:14:36.826932+00:00
2026-W27,hot,121,improve-codebase-architecture,mattpocock/skills,-198,2026-07-05T09:14:36.826932+00:00
2026-W27,hot,122,gpt-image-edit,agentspace-so/runcomfy-agent-skills,-193,2026-07-05T09:14:36.826932+00:00
2026-W27,hot,123,ace-step,agentspace-so/runcomfy-agent-skills,-206,2026-07-05T09:14:36.826932+00:00
2026-W27,hot,124,video-inpainting,doany-ai/skills,-209,2026-07-05T09:14:36.826932+00:00
2026-W27,hot,125,agentspace,agentspace-so/skills,-213,2026-07-05T09:14:36.826932+00:00
2026-W27,hot,126,image-edit,runcomfy-com/skills,-217,2026-07-05T09:14:36.826932+00:00
2026-W27,hot,127,image-inpainting,doany-ai/skills,-224,2026-07-05T09:14:36.826932+00:00
2026-W27,hot,128,hyperframes,heygen-com/hyperframes,-119,2026-07-05T09:14:36.826932+00:00
2026-W27,hot,129,flux-kontext,agentspace-so/runcomfy-agent-skills,-177,2026-07-05T09:14:36.826932+00:00
2026-W27,hot,130,image-edit,agentspace-so/runcomfy-agent-skills,-190,2026-07-05T09:14:36.826932+00:00
2026-W27,hot,131,elevenlabs-music-generation,doany-ai/skills,-197,2026-07-05T09:14:36.826932+00:00
2026-W27,hot,132,relight,runcomfy-com/skills,-201,2026-07-05T09:14:36.826932+00:00
2026-W27,hot,133,kling-3-0,runcomfy-com/skills,-203,2026-07-05T09:14:36.826932+00:00
2026-W27,hot,134,controlnet-pose,runcomfy-com/skills,-204,2026-07-05T09:14:36.826932+00:00
2026-W27,hot,135,nano-banana-2,agentspace-so/runcomfy-agent-skills,-204,2026-07-05T09:14:36.826932+00:00
2026-W27,hot,136,video-outpainting,runcomfy-com/skills,-212,2026-07-05T09:14:36.826932+00:00
2026-W27,hot,137,remotion-to-hyperframes,heygen-com/hyperframes,-118,2026-07-05T09:14:36.826932+00:00
2026-W27,hot,148,runcomfy-cli,agentspace-so/runcomfy-agent-skills,-186,2026-07-05T09:14:36.826932+00:00
2026-W27,hot,149,ai-video-generation,agentspace-so/runcomfy-agent-skills,-201,2026-07-05T09:14:36.826932+00:00
2026-W27,hot,150,tdd,mattpocock/skills,-210,2026-07-05T09:14:36.826932+00:00
2026-W27,hot,151,grill-with-docs,mattpocock/skills,-239,2026-07-05T09:14:36.826932+00:00
2026-W27,hot,152,embedded-captions,heygen-com/hyperframes,-119,2026-07-05T09:14:36.826932+00:00
2026-W27,hot,160,gpt-image-edit,runcomfy-com/skills,-202,2026-07-05T09:14:36.826932+00:00
2026-W27,hot,161,ai-video-generation,doany-ai/skills,-206,2026-07-05T09:14:36.826932+00:00
2026-W27,hot,166,ai-video-generation,runcomfy-com/skills,-219,2026-07-05T09:14:36.826932+00:00
2026-W27,hot,167,ai-image-generation,runcomfy-com/skills,-219,2026-07-05T09:14:36.826932+00:00
2026-W27,hot,168,wan-2-7,doany-ai/skills,-221,2026-07-05T09:14:36.826932+00:00
2026-W27,hot,169,figma,heygen-com/hyperframes,-123,2026-07-05T09:14:36.826932+00:00
2026-W27,hot,170,teach,mattpocock/skills,-195,2026-07-05T09:14:36.826932+00:00
2026-W27,hot,171,find-skills,agentspace-so/skills,-196,2026-07-05T09:14:36.826932+00:00
2026-W27,hot,172,ace-step,runcomfy-com/skills,-201,2026-07-05T09:14:36.826932+00:00
2026-W27,hot,173,to-prd,mattpocock/skills,-202,2026-07-05T09:14:36.826932+00:00
2026-W27,hot,174,handoff,mattpocock/skills,-202,2026-07-05T09:14:36.826932+00:00
2026-W27,hot,175,gpt-image-2,doany-ai/skills,-208,2026-07-05T09:14:36.826932+00:00
2026-W27,hot,176,ace-step,doany-ai/skills,-212,2026-07-05T09:14:36.826932+00:00
2026-W27,hot,177,flux-kontext,runcomfy-com/skills,-217,2026-07-05T09:14:36.826932+00:00
2026-W27,hot,178,happyhorse-1-0,doany-ai/skills,-228,2026-07-05T09:14:36.826932+00:00
2026-W27,hot,179,caveman-stats,juliusbrussee/caveman,-93,2026-07-05T09:14:36.826932+00:00
2026-W27,hot,183,image-outpainting,runcomfy-com/skills,-211,2026-07-05T09:14:36.826932+00:00
2026-W27,hot,184,ai-image-generation,doany-ai/skills,-211,2026-07-05T09:14:36.826932+00:00
2026-W27,hot,185,grilling,mattpocock/skills,-222,2026-07-05T09:14:36.826932+00:00
2026-W27,hot,186,nano-banana-2,runcomfy-com/skills,-225,2026-07-05T09:14:36.826932+00:00
2026-W27,hot,187,caveman-compress,juliusbrussee/caveman,-96,2026-07-05T09:14:36.826932+00:00
2026-W27,hot,188,caveman-review,juliusbrussee/caveman,-98,2026-07-05T09:14:36.826932+00:00
2026-W27,hot,189,to-issues,mattpocock/skills,-193,2026-07-05T09:14:36.826932+00:00
2026-W27,hot,190,setup-matt-pocock-skills,mattpocock/skills,-201,2026-07-05T09:14:36.826932+00:00
2026-W27,hot,191,video-edit,doany-ai/skills,-214,2026-07-05T09:14:36.826932+00:00
2026-W27,hot,192,triage,mattpocock/skills,-179,2026-07-05T09:14:36.826932+00:00
2026-W27,hot,193,prototype,mattpocock/skills,-185,2026-07-05T09:14:36.826932+00:00
2026-W27,hot,194,writing-great-skills,mattpocock/skills,-194,2026-07-05T09:14:36.826932+00:00
2026-W27,hot,195,nano-banana-edit,doany-ai/skills,-221,2026-07-05T09:14:36.826932+00:00
2026-W27,hot,196,video-extend,runcomfy-com/skills,-227,2026-07-05T09:14:36.826932+00:00
2026-W27,hot,197,diagnosing-bugs,mattpocock/skills,-181,2026-07-05T09:14:36.826932+00:00
2026-W27,hot,198,code-review,mattpocock/skills,-186,2026-07-05T09:14:36.826932+00:00
2026-W27,hot,199,face-swap,runcomfy-com/skills,-216,2026-07-05T09:14:36.826932+00:00
2026-W27,hot,200,high-end-visual-design,leonxlnx/taste-skill,-143,2026-07-05T09:14:36.826932+00:00
2026-W27,hot,201,ask-matt,mattpocock/skills,-178,2026-07-05T09:14:36.826932+00:00
2026-W27,hot,206,seedance-v2,runcomfy-com/skills,-206,2026-07-05T09:14:36.826932+00:00
2026-W27,hot,207,ui-ux-pro-max,nextlevelbuilder/ui-ux-pro-max-skill,-36,2026-07-05T09:14:36.826932+00:00
2026-W27,hot,208,minimalist-ui,leonxlnx/taste-skill,-134,2026-07-05T09:14:36.826932+00:00
2026-W27,hot,209,redesign-existing-projects,leonxlnx/taste-skill,-143,2026-07-05T09:14:36.826932+00:00
2026-W27,hot,210,imagegen-frontend-web,leonxlnx/taste-skill,-121,2026-07-05T09:14:36.826932+00:00
2026-W27,hot,211,web-design-guidelines,vercel-labs/agent-skills,-66,2026-07-05T09:14:36.826932+00:00
2026-W27,hot,212,agent-browser,vercel-labs/agent-browser,-73,2026-07-05T09:14:36.826932+00:00
2026-W27,hot,213,stitch-design-taste,leonxlnx/taste-skill,-116,2026-07-05T09:14:36.826932+00:00
2026-W27,hot,220,brainstorming,obra/superpowers,-48,2026-07-05T09:14:36.826932+00:00
2026-W27,hot,221,design-taste-frontend-v1,leonxlnx/taste-skill,-117,2026-07-05T09:14:36.826932+00:00
2026-W27,hot,222,product-photography,halt-catch-fire/skills,-72,2026-07-05T09:14:36.826932+00:00
2026-W27,hot,232,vercel-react-best-practices,vercel-labs/agent-skills,-80,2026-07-05T09:14:36.826932+00:00
2026-W27,hot,233,remotion-best-practices,remotion-dev/skills,-69,2026-07-05T09:14:36.826932+00:00
2026-W27,hot,234,paperclip-create-agent,getpaperclipai/paperclip,-69,2026-07-05T09:14:36.826932+00:00
2026-W27,hot,240,wizard,mattpocock/skills,-93,2026-07-05T09:14:36.826932+00:00
2026-W27,hot,241,claude-handoff,mattpocock/skills,-96,2026-07-05T09:14:36.826932+00:00
2026-W27,hot,242,loop-me,mattpocock/skills,-104,2026-07-05T09:14:36.826932+00:00
2026-W27,hot,243,recoup-platform-api-access,recoupable/skills,-4,2026-07-05T09:14:36.826932+00:00
2026-W27,hot,249,setup-pre-commit,mattpocock/skills,-93,2026-07-05T09:14:36.826932+00:00
2026-W27,hot,256,playwright-cli,microsoft/playwright-cli,-25,2026-07-05T09:14:36.826932+00:00
2026-W27,hot,257,requesting-code-review,obra/superpowers,-34,2026-07-05T09:14:36.826932+00:00
2026-W27,hot,258,supabase-postgres-best-practices,supabase/agent-skills,-35,2026-07-05T09:14:36.826932+00:00
2026-W27,hot,259,skill-creator,anthropics/skills,-36,2026-07-05T09:14:36.826932+00:00
2026-W27,hot,260,writing-plans,obra/superpowers,-39,2026-07-05T09:14:36.826932+00:00
2026-W27,hot,261,scaffold-exercises,mattpocock/skills,-91,2026-07-05T09:14:36.826932+00:00
2026-W27,hot,269,receiving-code-review,obra/superpowers,-29,2026-07-05T09:14:36.826932+00:00
2026-W27,hot,270,supabase,supabase/agent-skills,-31,2026-07-05T09:14:36.826932+00:00
2026-W27,hot,271,executing-plans,obra/superpowers,-32,2026-07-05T09:14:36.826932+00:00
2026-W27,hot,272,systematic-debugging,obra/superpowers,-41,2026-07-05T09:14:36.826932+00:00
2026-W27,hot,273,shadcn,shadcn/ui,-41,2026-07-05T09:14:36.826932+00:00
2026-W27,hot,274,writing-skills,obra/superpowers,-29,2026-07-05T09:14:36.826932+00:00
2026-W27,hot,275,using-superpowers,obra/superpowers,-36,2026-07-05T09:14:36.826932+00:00
2026-W27,hot,276,test-driven-development,obra/superpowers,-36,2026-07-05T09:14:36.826932+00:00
2026-W27,hot,277,pptx,anthropics/skills,-27,2026-07-05T09:14:36.826932+00:00
2026-W27,hot,278,verification-before-completion,obra/superpowers,-34,2026-07-05T09:14:36.826932+00:00
2026-W27,hot,279,subagent-driven-development,obra/superpowers,-27,2026-07-05T09:14:36.826932+00:00
2026-W27,hot,280,finishing-a-development-branch,obra/superpowers,-30,2026-07-05T09:14:36.826932+00:00
2026-W27,hot,281,wind-mcp-skill,wind-information-co-ltd/wind-skills,-10,2026-07-05T09:14:36.826932+00:00
2026-W27,hot,282,seo-audit,coreyhaines31/marketingskills,-13,2026-07-05T09:14:36.826932+00:00
2026-W27,hot,283,vercel-react-native-skills,vercel-labs/agent-skills,-23,2026-07-05T09:14:36.826932+00:00
2026-W27,hot,284,docx,anthropics/skills,-25,2026-07-05T09:14:36.826932+00:00
2026-W27,hot,285,using-git-worktrees,obra/superpowers,-31,2026-07-05T09:14:36.826932+00:00
2026-W27,hot,286,impeccable,pbakaus/impeccable,-31,2026-07-05T09:14:36.826932+00:00
2026-W27,hot,287,dispatching-parallel-agents,obra/superpowers,-32,2026-07-05T09:14:36.826932+00:00
2026-W27,hot,288,vercel-composition-patterns,vercel-labs/agent-skills,-40,2026-07-05T09:14:36.826932+00:00
2026-W27,hot,289,extension-email-raw,caffeinelabs/skills,0,2026-07-05T09:14:36.826932+00:00
2026-W27,hot,309,emil-design-eng,emilkowalski/skills,-32,2026-07-05T09:14:36.826932+00:00
2026-W27,hot,310,higgsfield-generate,higgsfield-ai/skills,-34,2026-07-05T09:14:36.826932+00:00
2026-W27,hot,311,turborepo,vercel/turborepo,0,2026-07-05T09:14:36.826932+00:00
2026-W27,hot,312,sentry-cli,sentry/dev,-4,2026-07-05T09:14:36.826932+00:00
2026-W27,hot,313,content-strategy,coreyhaines31/marketingskills,-4,2026-07-05T09:14:36.826932+00:00
2026-W27,hot,314,convex,get-convex/agent-skills,-11,2026-07-05T09:14:36.826932+00:00
2026-W27,hot,320,xlsx,anthropics/skills,-22,2026-07-05T09:14:36.826932+00:00
2026-W27,hot,321,webapp-testing,anthropics/skills,-25,2026-07-05T09:14:36.826932+00:00
2026-W27,hot,322,orchestration,stablyai/orca,-25,2026-07-05T09:14:36.826932+00:00
2026-W27,hot,323,review-animations,emilkowalski/skills,-29,2026-07-05T09:14:36.826932+00:00
2026-W27,hot,324,google-agents-cli-observability,google/agents-cli,-34,2026-07-05T09:14:36.826932+00:00
2026-W27,hot,331,orca-cli,stablyai/orca,-10,2026-07-05T09:14:36.826932+00:00
2026-W27,hot,332,copywriting,coreyhaines31/marketingskills,-15,2026-07-05T09:14:36.826932+00:00
2026-W27,hot,333,weread-skills,tencent/wechatreading,-18,2026-07-05T09:14:36.826932+00:00
2026-W27,hot,334,vercel-react-view-transitions,vercel-labs/agent-skills,-19,2026-07-05T09:14:36.826932+00:00
2026-W27,hot,335,firecrawl-build-search,firecrawl/skills,-24,2026-07-05T09:14:36.826932+00:00
2026-W27,hot,336,pdf,anthropics/skills,-24,2026-07-05T09:14:36.826932+00:00
2026-W27,hot,337,firecrawl-build-interact,firecrawl/skills,-24,2026-07-05T09:14:36.826932+00:00
2026-W27,hot,341,firecrawl-interact,firecrawl/cli,-25,2026-07-05T09:14:36.826932+00:00
2026-W27,hot,351,higgsfield-product-photoshoot,higgsfield-ai/skills,-28,2026-07-05T09:14:36.826932+00:00
2026-W27,hot,352,higgsfield-websites,higgsfield-ai/skills,-28,2026-07-05T09:14:36.826932+00:00
2026-W27,hot,353,higgsfield-marketplace-cards,higgsfield-ai/skills,-29,2026-07-05T09:14:36.826932+00:00
2026-W27,hot,354,animation-vocabulary,emilkowalski/skills,-30,2026-07-05T09:14:36.826932+00:00
2026-W27,hot,355,ai-sdk,vercel/ai,-4,2026-07-05T09:14:36.826932+00:00
2026-W28,1,find-skills,vercel-labs/skills,2500000,2.5M,25938,200000,—,技能发现工具,技能发现与安装入口工具,https://www.skills.sh/vercel-labs/skills/find-skills,,6,1
2026-W28,2,frontend-design,anthropics/skills,655900,655.9K,160580,30400,—,前端设计技能（官方）,Anthropic 官方前端设计技能,https://www.skills.sh/anthropics/skills/frontend-design,,48,121
2026-W28,3,vercel-react-best-practices,vercel-labs/agent-skills,546100,546.1K,28985,20400,—,React 最佳实践（官方）,Vercel 官方 React 最佳实践技能,https://www.skills.sh/vercel-labs/agent-skills/vercel-react-best-practices,,,
2026-W28,4,agent-browser,vercel-labs/agent-browser,537200,537.2K,38333,25500,—,浏览器 Agent 技能,让 Agent 控制浏览器的技能,https://www.skills.sh/vercel-labs/agent-browser/agent-browser,,95,77
2026-W28,5,grill-me,mattpocock/skills,529000,529.0K,166831,74300,—,代码审查技能,让 AI 严格审查你的代码,https://www.skills.sh/mattpocock/skills/grill-me,,13,13
2026-W28,6,web-design-guidelines,vercel-labs/agent-skills,458400,458.4K,28985,20100,—,Web 设计规范技能,Web 设计规范与指南,https://www.skills.sh/vercel-labs/agent-skills/web-design-guidelines,,109,
2026-W28,7,microsoft-foundry,microsoft/azure-skills,448400,448.4K,1273,16800,—,Azure AI 技能（官方）,Microsoft Azure AI Foundry 技能,https://www.skills.sh/microsoft/azure-skills/microsoft-foundry,,,
2026-W28,8,grill-with-docs,mattpocock/skills,444500,444.5K,166831,68600,↓2,文档审查技能,结合文档严格审查代码,https://www.skills.sh/mattpocock/skills/grill-with-docs,,,
2026-W28,9,azure-storage,microsoft/azure-skills,444200,444.2K,1273,444200,🆕,Azure 存储（官方）,Azure 存储服务技能,https://www.skills.sh/microsoft/azure-skills/azure-storage,,,
2026-W28,10,improve-codebase-architecture,mattpocock/skills,437000,437.0K,166831,63700,↓12,架构优化技能,分析并改进代码库架构,https://www.skills.sh/mattpocock/skills/improve-codebase-architecture,,,
2026-W28,11,azure-messaging,microsoft/azure-skills,433200,433.2K,1273,433200,🆕,Azure 消息（官方）,Azure 消息服务技能,https://www.skills.sh/microsoft/azure-skills/azure-messaging,,,
2026-W28,12,remotion-best-practices,remotion-dev/skills,422200,422.2K,3929,13700,↓17,视频编程技能,Remotion 视频编程最佳实践,https://www.skills.sh/remotion-dev/skills/remotion-best-practices,,,
2026-W28,13,tdd,mattpocock/skills,419200,419.2K,166831,64100,↓12,TDD 技能,测试驱动开发技能,https://www.skills.sh/mattpocock/skills/tdd,,,
2026-W28,14,azure-hosted-copilot-sdk,microsoft/azure-skills,413600,413.6K,1273,13500,↓18,Azure Copilot SDK（官方）,Azure 托管 Copilot SDK 技能,https://www.skills.sh/microsoft/azure-skills/azure-hosted-copilot-sdk,,,
2026-W28,15,lark-approval,open.feishu.cn,391200,391.2K,—,391200,🆕,飞书审批技能,飞书审批流程技能,https://www.skills.sh/site/open.feishu.cn/lark-approval,,,
2026-W28,16,azure-compute,microsoft/azure-skills,387200,387.2K,1273,16400,↓38,Azure 计算（官方）,Azure 计算服务开发技能,https://www.skills.sh/microsoft/azure-skills/azure-compute,,,
2026-W28,17,azure-cloud-migrate,microsoft/azure-skills,377100,377.1K,1273,16300,↓38,Azure 迁移（官方）,Azure 云迁移技能,https://www.skills.sh/microsoft/azure-skills/azure-cloud-migrate,,,
2026-W28,18,setup-matt-pocock-skills,mattpocock/skills,374900,374.9K,166831,374900,🆕,技能安装器,一键安装 Matt Pocock 全套技能,https://www.skills.sh/mattpocock/skills/setup-matt-pocock-skills,,,
2026-W28,19,lark-okr,open.feishu.cn,371300,371.3K,—,371300,🆕,飞书 OKR 技能,飞书 OKR 管理技能,https://www.skills.sh/site/open.feishu.cn/lark-okr,,,
2026-W28,20,lark-markdown,open.feishu.cn,356200,356.2K,—,356200,🆕,飞书 Markdown 技能,飞书 Markdown 文档技能,https://www.skills.sh/site/open.feishu.cn/lark-markdown,,,
2026-W28,21,to-prd,mattpocock/skills,356100,356.1K,166831,22900,↓30,产品需求技能,生成产品需求文档,https://www.skills.sh/mattpocock/skills/to-prd,,,
2026-W28,22,triage,mattpocock/skills,349300,349.3K,166831,349300,🆕,问题分流技能,自动分流和分类问题,https://www.skills.sh/mattpocock/skills/triage,,,
2026-W28,23,lark-doc,larksuite/cli,344800,344.8K,15508,344800,🆕,飞书文档技能,飞书文档操作技能,https://www.skills.sh/larksuite/cli/lark-doc,,,
2026-W28,24,to-issues,mattpocock/skills,343500,343.5K,166831,23400,↓31,Issue 技能,生成 GitHub Issue,https://www.skills.sh/mattpocock/skills/to-issues,,,
2026-W28,25,lark-base,larksuite/cli,343400,343.4K,15508,343400,🆕,飞书多维表格技能,飞书多维表格操作技能,https://www.skills.sh/larksuite/cli/lark-base,,,
2026-W28,26,lark-im,larksuite/cli,343000,343.0K,15508,343000,🆕,飞书即时消息技能,飞书即时消息技能,https://www.skills.sh/larksuite/cli/lark-im,,,
2026-W28,27,lark-drive,larksuite/cli,342700,342.7K,15508,342700,🆕,飞书云盘技能,飞书云盘操作技能,https://www.skills.sh/larksuite/cli/lark-drive,,,
2026-W28,28,caveman,juliusbrussee/caveman,342600,342.6K,88547,26600,↓34,Token 压缩技能,穴居人语言压缩 65% token,https://www.skills.sh/juliusbrussee/caveman/caveman,,,95
2026-W28,29,lark-shared,larksuite/cli,342600,342.6K,15508,342600,🆕,飞书共享技能,飞书共享协作技能,https://www.skills.sh/larksuite/cli/lark-shared,,,
2026-W28,30,handoff,mattpocock/skills,338200,338.2K,166831,338200,🆕,代码交接技能,生成代码交接文档,https://www.skills.sh/mattpocock/skills/handoff,,,
2026-W28,all_time,1,find-skills,vercel-labs/skills,2500000,2026-07-13T01:16:49.972392+00:00
2026-W28,all_time,2,frontend-design,anthropics/skills,655900,2026-07-13T01:16:49.972392+00:00
2026-W28,all_time,3,vercel-react-best-practices,vercel-labs/agent-skills,546100,2026-07-13T01:16:49.972392+00:00
2026-W28,all_time,4,agent-browser,vercel-labs/agent-browser,537200,2026-07-13T01:16:49.972392+00:00
2026-W28,all_time,5,grill-me,mattpocock/skills,529000,2026-07-13T01:16:49.972392+00:00
2026-W28,all_time,6,web-design-guidelines,vercel-labs/agent-skills,458400,2026-07-13T01:16:49.972392+00:00
2026-W28,all_time,7,microsoft-foundry,microsoft/azure-skills,448400,2026-07-13T01:16:49.972392+00:00
2026-W28,all_time,12,grill-with-docs,mattpocock/skills,444500,2026-07-13T01:16:49.972392+00:00
2026-W28,all_time,13,azure-storage,microsoft/azure-skills,444200,2026-07-13T01:16:49.972392+00:00
2026-W28,all_time,23,improve-codebase-architecture,mattpocock/skills,437000,2026-07-13T01:16:49.972392+00:00
2026-W28,all_time,24,azure-messaging,microsoft/azure-skills,433200,2026-07-13T01:16:49.972392+00:00
2026-W28,all_time,25,remotion-best-practices,remotion-dev/skills,422200,2026-07-13T01:16:49.972392+00:00
2026-W28,all_time,26,tdd,mattpocock/skills,419200,2026-07-13T01:16:49.972392+00:00
2026-W28,all_time,27,azure-hosted-copilot-sdk,microsoft/azure-skills,413600,2026-07-13T01:16:49.972392+00:00
2026-W28,all_time,28,lark-approval,open.feishu.cn,391200,2026-07-13T01:16:49.972392+00:00
2026-W28,all_time,50,azure-compute,microsoft/azure-skills,387200,2026-07-13T01:16:49.972392+00:00
2026-W28,all_time,51,azure-cloud-migrate,microsoft/azure-skills,377100,2026-07-13T01:16:49.972392+00:00
2026-W28,all_time,52,setup-matt-pocock-skills,mattpocock/skills,374900,2026-07-13T01:16:49.972392+00:00
2026-W28,all_time,53,lark-okr,open.feishu.cn,371300,2026-07-13T01:16:49.972392+00:00
2026-W28,all_time,54,lark-markdown,open.feishu.cn,356200,2026-07-13T01:16:49.972392+00:00
2026-W28,all_time,55,to-prd,mattpocock/skills,356100,2026-07-13T01:16:49.972392+00:00
2026-W28,all_time,56,triage,mattpocock/skills,349300,2026-07-13T01:16:49.972392+00:00
2026-W28,all_time,57,lark-doc,larksuite/cli,344800,2026-07-13T01:16:49.972392+00:00
2026-W28,all_time,58,to-issues,mattpocock/skills,343500,2026-07-13T01:16:49.972392+00:00
2026-W28,all_time,59,lark-base,larksuite/cli,343400,2026-07-13T01:16:49.972392+00:00
2026-W28,all_time,60,lark-im,larksuite/cli,343000,2026-07-13T01:16:49.972392+00:00
2026-W28,all_time,61,lark-drive,larksuite/cli,342700,2026-07-13T01:16:49.972392+00:00
2026-W28,all_time,62,caveman,juliusbrussee/caveman,342600,2026-07-13T01:16:49.972392+00:00
2026-W28,all_time,63,lark-shared,larksuite/cli,342600,2026-07-13T01:16:49.972392+00:00
2026-W28,all_time,78,handoff,mattpocock/skills,338200,2026-07-13T01:16:49.972392+00:00
2026-W28,trending_24h,1,ai-video-generation,101-skills/skills,22000,2026-07-13T01:16:49.972392+00:00
2026-W28,trending_24h,6,find-skills,vercel-labs/skills,13400,2026-07-13T01:16:49.972392+00:00
2026-W28,trending_24h,7,design-guide,getpaperclipai/paperclip,10300,2026-07-13T01:16:49.972392+00:00
2026-W28,trending_24h,13,grill-me,mattpocock/skills,7300,2026-07-13T01:16:49.972392+00:00
2026-W28,trending_24h,34,media-use,heygen-com/hyperframes,4300,2026-07-13T01:16:49.972392+00:00
2026-W28,trending_24h,35,agent-browser,101-skills/skills,4200,2026-07-13T01:16:49.972392+00:00
2026-W28,trending_24h,36,ai-research-explore,lllllllama/rigorpilot-skills,4200,2026-07-13T01:16:49.972392+00:00
2026-W28,trending_24h,47,hyperframes-cli,heygen-com/hyperframes,4000,2026-07-13T01:16:49.972392+00:00
2026-W28,trending_24h,48,frontend-design,anthropics/skills,3800,2026-07-13T01:16:49.972392+00:00
2026-W28,trending_24h,49,hyperframes,heygen-com/hyperframes,3800,2026-07-13T01:16:49.972392+00:00
2026-W28,trending_24h,55,design-taste-frontend,leonxlnx/taste-skill,3000,2026-07-13T01:16:49.972392+00:00
2026-W28,trending_24h,56,web-search,101-skills/skills,2900,2026-07-13T01:16:49.972392+00:00
2026-W28,trending_24h,60,design-an-interface,mattpocock/skills,2800,2026-07-13T01:16:49.972392+00:00
2026-W28,trending_24h,61,resolving-merge-conflicts,mattpocock/skills,2700,2026-07-13T01:16:49.972392+00:00
2026-W28,trending_24h,94,emil-design-eng,emilkowalski/skills,2600,2026-07-13T01:16:49.972392+00:00
2026-W28,trending_24h,95,agent-browser,vercel-labs/agent-browser,2600,2026-07-13T01:16:49.972392+00:00
2026-W28,hot,1,find-skills,vercel-labs/skills,-368,2026-07-13T01:16:49.972392+00:00
2026-W28,hot,2,ai-video-generation,101-skills/skills,-303,2026-07-13T01:16:49.972392+00:00
2026-W28,hot,7,paperclip-create-agent,getpaperclipai/paperclip,-377,2026-07-13T01:16:49.972392+00:00
2026-W28,hot,13,grill-me,mattpocock/skills,-211,2026-07-13T01:16:49.972392+00:00
2026-W28,hot,77,agent-browser,vercel-labs/agent-browser,-82,2026-07-13T01:16:49.972392+00:00
2026-W28,hot,92,orca-cli,stablyai/orca,-17,2026-07-13T01:16:49.972392+00:00
2026-W28,hot,94,playwright-cli,microsoft/playwright-cli,-26,2026-07-13T01:16:49.972392+00:00
2026-W28,hot,95,caveman,juliusbrussee/caveman,-52,2026-07-13T01:16:49.972392+00:00
